---------------
Versão original
---------------
Sérgio Luiz Araújo Silva <voyeg3r@gmail.com>
Douglas Adriano Augusto <daaugusto@gmail.com>
Eustáquio Rangel <eustaquiorangel@gmail.com>
Eduardo Otubo <eduardo.otubo@gmail.com>
Gustavo Dutra <gustavotkg@gmail.com>
--------------
Versão Gitbook
--------------
Bruno Pulis <bruno.pulis@gmail.com>
Cássio Botaro <cassiobotaro@gmail.com>
Diego Garcia <drgarcia1986@gmail.com>
Gustavo Carvalho <gt.salles@gmail.com>
